id,title,category,tags,views,author_name,author_email,author_department,summary,content,status,created_date,published_date
1,Employee Onboarding Guide,HR Policies,"onboarding,new-hire,orientation",1240,Alice Johnson,alice.johnson@company.com,HR,"Complete guide for welcoming new employees","This comprehensive guide covers all steps for onboarding new employees including paperwork, system access provisioning, team introductions, and the first-week schedule. HR coordinators should use this document to ensure a smooth transition for all new hires. The checklist includes background check completion, equipment setup, badge issuance, and benefits enrollment.",Approved,2025-01-05,2025-01-10
2,Annual Leave Policy,HR Policies,"leave,vacation,PTO",980,Alice Johnson,alice.johnson@company.com,HR,"Explains annual leave entitlements and procedures","Employees are entitled to 20 days of annual leave per year, accrued monthly. Leave requests must be submitted at least 5 working days in advance via the HR portal. Unused leave may be carried forward up to 10 days into the following calendar year. Leave encashment is available upon resignation after 1 year of service.",Approved,2025-01-08,2025-01-15
3,Work From Home Policy,HR Policies,"remote-work,WFH,flexible",1560,Alice Johnson,alice.johnson@company.com,HR,"Guidelines for remote work arrangements","Employees may work from home up to 3 days per week with manager approval. A stable internet connection and a suitable workspace are mandatory requirements. Security policies including VPN usage must be followed at all times. Remote employees must be available during core hours (10 AM – 4 PM local time).",Approved,2025-01-12,2025-01-18
4,Code of Conduct,HR Policies,"conduct,ethics,behavior",870,Bob Smith,bob.smith@company.com,HR,"Company standards for professional behavior","All employees are expected to maintain a respectful, inclusive, and professional workplace. Harassment, discrimination, and unethical behavior will result in disciplinary action up to and including termination. Report violations confidentially to HR or through the anonymous ethics hotline.",Approved,2025-01-15,2025-01-20
5,Performance Review Process,HR Policies,"performance,review,appraisal",1100,Alice Johnson,alice.johnson@company.com,HR,"How to conduct and prepare for performance reviews","Performance reviews are conducted bi-annually in June and December. Employees must complete a self-assessment form at least two weeks before their review meeting. Managers score employees on five competency areas: Communication, Collaboration, Innovation, Execution, and Growth. Outcomes determine bonus eligibility and promotion consideration.",Approved,2025-01-20,2025-01-28
6,Grievance Handling Procedure,HR Policies,"grievance,complaint,procedure",540,Bob Smith,bob.smith@company.com,HR,"Step-by-step process for raising and resolving grievances","Employees who have a workplace grievance should first attempt informal resolution with their immediate manager. If unresolved within 5 days, a formal grievance form must be submitted to HR. HR will investigate and respond within 15 working days. Appeals can be escalated to the HR Director.",Approved,2025-02-01,2025-02-08
7,Employee Benefits Overview,HR Policies,"benefits,health,insurance",1320,Alice Johnson,alice.johnson@company.com,HR,"Summary of all employee benefits","Benefits include: health insurance (employee + family), dental and vision coverage, life insurance of 3× annual salary, a 401(k) plan with 5% employer match, and an Employee Assistance Program (EAP). Enrollment is during the first 30 days of employment or at the annual open enrollment period each November.",Approved,2025-02-05,2025-02-12
8,Disciplinary Action Policy,HR Policies,"discipline,warning,termination",430,Bob Smith,bob.smith@company.com,HR,"Process for addressing employee misconduct","Disciplinary actions follow a progressive sequence: verbal warning, written warning, final written warning, and termination. Serious misconduct such as theft or harassment may result in immediate termination. All actions are documented and retained in the employee's personnel file for five years.",Approved,2025-02-10,2025-02-17
9,Diversity and Inclusion Policy,HR Policies,"DEI,diversity,inclusion",760,Carol Williams,carol.williams@company.com,HR,"Company commitment to a diverse and inclusive workplace","We are committed to building a workforce that reflects the communities we serve. Hiring decisions are based solely on merit. We host quarterly DEI training sessions and maintain an Employee Resource Group (ERG) program. Discrimination or exclusion of any kind is strictly prohibited and reportable.",Approved,2025-02-15,2025-02-22
10,Travel and Expense Reimbursement,HR Policies,"travel,expense,reimbursement",990,Carol Williams,carol.williams@company.com,Finance,"Policy for business travel and expense claims","Business travel must be pre-approved by the department head. Economy class is standard for flights under 4 hours. Hotel accommodation should not exceed $200/night. Expense claims with receipts must be submitted within 30 days of travel. Use the Concur expense management system.",Approved,2025-02-20,2025-02-27
11,VPN Setup Guide,IT Support,"VPN,remote-access,security",2340,Emma Davis,emma.davis@company.com,IT,"How to install and configure the company VPN","Download the Cisco AnyConnect client from the IT portal. Enter server address vpn.company.com. Use your Active Directory credentials to authenticate. MFA is required — approve the Duo push notification on your registered device. Contact the helpdesk if you encounter certificate errors.",Approved,2025-01-06,2025-01-11
12,Password Reset Procedure,IT Support,"password,reset,security",3100,Emma Davis,emma.davis@company.com,IT,"Steps to reset your network or application password","Visit password.company.com and click 'Reset Password'. Verify your identity via email OTP or manager approval. New passwords must be at least 12 characters and include uppercase, lowercase, numbers, and symbols. Passwords expire every 90 days. Do not reuse the last 10 passwords.",Approved,2025-01-09,2025-01-14
13,Software Request Process,IT Support,"software,procurement,installation",780,Emma Davis,emma.davis@company.com,IT,"How to request new software installation","Submit a software request through the ServiceNow portal under 'IT Requests'. Include the business justification and software name/version. Requests are reviewed within 3 business days. Only approved and licensed software may be installed. Contact the help desk for urgent requests.",Approved,2025-01-14,2025-01-20
14,Printer Setup — Floor 3,IT Support,"printer,setup,hardware",560,David Brown,david.brown@company.com,IT,"Configure the network printer on the third floor","Go to Settings > Printers > Add a printer. Select 'HP LaserJet-Floor3' from the network list. Driver installation is automatic. Default print settings are duplex and grayscale. For color printing, select 'HP Color — Floor3' and note it is charged to your department cost code.",Approved,2025-01-18,2025-01-25
15,Email Configuration in Outlook,IT Support,"email,Outlook,configuration",1890,Emma Davis,emma.davis@company.com,IT,"Set up company email in Outlook","Open Outlook and add a new account. Enter your company email address. Outlook will auto-configure settings via Autodiscover. Enter your Active Directory password when prompted. Enable MFA if not already configured. Sync frequency should be set to 'As items arrive' for best performance.",Approved,2025-01-22,2025-01-29
16,Laptop Refresh Program,IT Support,"laptop,hardware,refresh",670,David Brown,david.brown@company.com,IT,"Guidelines for the biennial laptop refresh initiative","Laptops are replaced on a 3-year cycle. Eligible employees receive an email with instructions to schedule a replacement appointment. Before the replacement, back up all data to OneDrive or the shared drive. Submit your old laptop to IT within 5 days of receiving the new one. Data wiping is performed to DoD standards.",Approved,2025-01-28,2025-02-04
17,Multi-Factor Authentication Setup,IT Support,"MFA,2FA,security",2670,Emma Davis,emma.davis@company.com,IT,"How to enroll and use MFA for company systems","MFA is mandatory for all employees. Download the Duo Mobile app on your smartphone. Visit mfa.company.com and click 'Enroll'. Scan the QR code in the Duo app. Test authentication by logging into the company portal. If you lose your device, call the helpdesk immediately to deactivate the old device.",Approved,2025-02-03,2025-02-10
18,ServiceNow Ticketing Guide,IT Support,"ServiceNow,helpdesk,tickets",1450,Emma Davis,emma.davis@company.com,IT,"How to create and manage IT support tickets","Log in to servicenow.company.com with your company credentials. Click 'Submit a Request' for new issues or 'View My Tickets' to track existing ones. Assign priority as: Critical (system down), High (major impact), Medium (partial impact), Low (minor issue). Expected resolution times are SLA-defined: Critical 4h, High 8h, Medium 24h, Low 72h.",Approved,2025-02-08,2025-02-15
19,Data Backup and Recovery,IT Support,"backup,recovery,data",1230,David Brown,david.brown@company.com,IT,"Company data backup policy and recovery procedures","All company data must reside on approved storage (SharePoint, OneDrive, network drives). Local-only data is not backed up. Backup frequency: daily incremental, weekly full. Recovery requests are submitted via ServiceNow and fulfilled within 4 hours for critical data and 24 hours for standard data.",Approved,2025-02-12,2025-02-19
20,Cybersecurity Awareness Training,IT Support,"security,phishing,training",2010,Emma Davis,emma.davis@company.com,IT,"Annual cybersecurity training requirements","All employees must complete the annual cybersecurity awareness training by Q1. Topics include phishing recognition, password hygiene, social engineering, and data classification. Training is available on the LMS (learning.company.com). Completion is mandatory and tracked; non-compliance may result in disciplinary action.",Approved,2025-02-17,2025-02-24
21,Data Center Overview,Infrastructure,"data-center,servers,hardware",890,David Brown,david.brown@company.com,IT,"Overview of company data center locations and policies","The company operates two data centers: Primary (Chicago) and DR (Dallas). Access is restricted to authorized Infrastructure team members. Visitors must be escorted at all times. All changes to production infrastructure must follow the change management process and be approved by the Infrastructure Manager.",Approved,2025-01-07,2025-01-14
22,Network Diagram Documentation,Infrastructure,"network,topology,diagram",560,David Brown,david.brown@company.com,IT,"Current network topology and IP addressing scheme","The corporate network uses a 10.0.0.0/8 address space. VLAN segmentation is used for departments: IT (VLAN 10), HR (VLAN 20), Finance (VLAN 30), Operations (VLAN 40). The perimeter is protected by Palo Alto firewalls with IDS/IPS enabled. Network diagrams are stored in the Infrastructure SharePoint.",Approved,2025-01-13,2025-01-20
23,Server Patching Schedule,Infrastructure,"patching,maintenance,servers",740,David Brown,david.brown@company.com,IT,"Monthly server patching window and procedures","Server patching occurs on the second Tuesday of each month (Patch Tuesday) between 11 PM and 3 AM. All patches are tested in the UAT environment first. A change ticket must be raised 5 days in advance. The Infrastructure team sends notifications to affected stakeholders 24 hours before maintenance.",Approved,2025-01-19,2025-01-26
24,Cloud Infrastructure — AWS Overview,Infrastructure,"AWS,cloud,infrastructure",1340,Emma Davis,emma.davis@company.com,IT,"Overview of our AWS cloud environment","Production workloads run in us-east-1 and us-west-2 for failover. AWS Organizations is used for account governance. All resources are tagged with cost_center, environment, and owner. Cost alerts are configured at $10K monthly spend per account. IAM roles follow least-privilege principles.",Approved,2025-01-25,2025-02-01
25,Disaster Recovery Plan,Infrastructure,"DR,disaster-recovery,BCP",1020,David Brown,david.brown@company.com,IT,"Business continuity and disaster recovery procedures","RTO is 4 hours and RPO is 1 hour for Tier-1 systems. The DR failover test is conducted bi-annually. In the event of a declared disaster, the Infrastructure Manager initiates the DR runbook. Critical services are redirected to the Dallas DR site via DNS failover. Communication is via the company emergency notification system.",Approved,2025-02-02,2025-02-09
26,Firewall Rules Management,Infrastructure,"firewall,security,rules",680,David Brown,david.brown@company.com,IT,"How to request and manage firewall rule changes","Firewall change requests are submitted via ServiceNow. Requestors must provide source IP/range, destination IP/range, port/protocol, and business justification. Changes are reviewed by the Security team and approved by the CISO. Production firewall changes require a CAB approval. Changes are implemented during the maintenance window.",Approved,2025-02-07,2025-02-14
27,DNS and DHCP Management,Infrastructure,"DNS,DHCP,networking",490,David Brown,david.brown@company.com,IT,"Managing DNS records and DHCP leases","DNS is managed via Microsoft DNS servers. New DNS records are created by submitting a request to the Infrastructure team. DHCP leases are dynamically assigned with a 8-hour lease time. Static reservations are used for servers and printers. The DHCP scope is documented in the IPAM system.",Approved,2025-02-13,2025-02-20
28,SSL Certificate Management,Infrastructure,"SSL,TLS,certificates",610,Emma Davis,emma.davis@company.com,IT,"Procedure for managing SSL/TLS certificates","All external-facing services must use certificates from the approved CA (DigiCert). Internal services use the company's internal CA. Certificate expiry monitoring is automated via Datadog. Renewals must be initiated 30 days before expiry. The PKI team manages all certificate issuance and revocation.",Approved,2025-02-18,2025-02-25
29,Load Balancer Configuration,Infrastructure,"load-balancer,F5,networking",380,David Brown,david.brown@company.com,IT,"F5 BIG-IP load balancer configuration guide","Load balancer changes are requested via ServiceNow. The Infrastructure team configures F5 virtual servers, pools, and health monitors. Health check intervals are set to 5 seconds with 3 retries. Session persistence is cookie-based for web applications. Changes to production require CAB approval.",Approved,2025-02-23,2025-03-02
30,Storage Array Management,Infrastructure,"SAN,storage,NetApp",470,David Brown,david.brown@company.com,IT,"Managing the NetApp SAN environment","Storage provisioning requests are handled by the Infrastructure team. New LUNs are created from the appropriate storage tier (Tier 1: SSD, Tier 2: SAS). Capacity alerts fire at 80% utilization. Snapshots are taken hourly and retained for 7 days. Annual storage reviews are conducted to reclaim unused space.",Approved,2025-03-01,2025-03-08
31,New Employee IT Checklist,Training Materials,"onboarding,IT,checklist",1670,Carol Williams,carol.williams@company.com,HR,"IT setup checklist for new employees","Complete these tasks on your first day: 1) Collect your laptop from IT reception. 2) Log in with your temporary credentials and change your password. 3) Set up MFA. 4) Configure VPN. 5) Set up Outlook email. 6) Install required software via the Software Center. 7) Join your team's Microsoft Teams channel. Contact the helpdesk if you need assistance.",Approved,2025-01-06,2025-01-11
32,How to Use Microsoft Teams,Training Materials,"Teams,collaboration,communication",2230,Carol Williams,carol.williams@company.com,HR,"Guide for using Microsoft Teams for collaboration","Teams is our primary collaboration platform. Create channels within your team for specific projects. Use @mentions to notify specific people. Video calls: Click the camera icon to start a meeting. Screen sharing: Click the share icon during a call. Files shared in Teams are stored in the corresponding SharePoint folder. Integrate your calendar to see meeting invites.",Approved,2025-01-11,2025-01-18
33,SharePoint File Management,Training Materials,"SharePoint,files,collaboration",1340,Carol Williams,carol.williams@company.com,HR,"How to store and share files using SharePoint","Store all project files in the appropriate SharePoint site for your team. Use versioning to track changes — do not save multiple copies with different names. Sharing with external parties requires manager approval and must use guest access only (not public links). Unused files should be archived after 2 years.",Approved,2025-01-16,2025-01-23
34,Company Communication Guidelines,Training Materials,"communication,email,etiquette",870,Carol Williams,carol.williams@company.com,HR,"Best practices for internal and external communication","Emails should be concise and professional. Use Clear Subject Lines. CC only those who need to be aware. BCC should not be used internally. For urgent issues use Teams or phone. Customer-facing emails must be proofread and use the approved signature template. Avoid using personal email for company business.",Approved,2025-01-21,2025-01-28
35,Project Management Basics,Training Materials,"project-management,PM,agile",1120,Carol Williams,carol.williams@company.com,Operations,"Introduction to project management at the company","The company uses Agile methodology with 2-week sprint cycles. All projects must be registered in the PMO system. Use the project charter template for new initiatives. Weekly status reports are required for active projects. Project managers must have PMP certification or be enrolled in the certification program.",Approved,2025-01-26,2025-02-02
36,Excel Training for Beginners,Training Materials,"Excel,spreadsheet,training",1890,Carol Williams,carol.williams@company.com,HR,"Basic Excel skills every employee should know","Cover the basics: data entry, formatting, SUM/AVERAGE/COUNT formulas, sorting and filtering, and creating simple charts. Use the provided training workbook on the LMS. Practice exercises are included. Intermediate topics: VLOOKUP, pivot tables, and conditional formatting are covered in the follow-up course.",Approved,2025-02-01,2025-02-08
37,PowerPoint Presentation Standards,Training Materials,"PowerPoint,presentation,design",760,Carol Williams,carol.williams@company.com,HR,"Company standards for business presentations","Use the approved PowerPoint template (available in the Brand Portal). Maximum 10 slides for a 30-minute meeting. Use sans-serif fonts (Calibri or Segoe UI) at minimum 18pt for body text. Avoid cluttered slides — one idea per slide. Include slide numbers and a consistent footer with the company logo.",Approved,2025-02-06,2025-02-13
38,Data Privacy Training,Training Materials,"GDPR,privacy,compliance",1430,Carol Williams,carol.williams@company.com,HR,"Training on data privacy laws and company obligations","All employees who handle personal data must complete this annual training. Topics: GDPR principles, data subject rights, lawful basis for processing, data breach reporting (72-hour rule), and how to handle subject access requests. Training is on the LMS. Completion deadline is March 31 each year.",Approved,2025-02-11,2025-02-18
39,Health and Safety Induction,Training Materials,"safety,health,induction",920,Carol Williams,carol.williams@company.com,HR,"Workplace health and safety orientation for new starters","All new employees must complete the health and safety induction before their second day. Topics covered: fire evacuation procedures, first aid kit locations, ergonomic workstation setup, and incident reporting. The induction is conducted in person by the Facilities team and online via the LMS.",Approved,2025-02-16,2025-02-23
40,Leadership Development Program,Training Materials,"leadership,development,training",680,Alice Johnson,alice.johnson@company.com,HR,"Overview of the leadership development program","The 6-month leadership development program is open to employees at Grade 7+ with manager nomination. The program includes monthly workshops, a personal mentor, a cross-functional project, and a final presentation to the Executive team. Applications open in February each year. Contact HR for the nomination form.",Approved,2025-02-21,2025-02-28
41,Monthly Expense Report Submission,Finance,"expense,finance,monthly",1120,Bob Smith,bob.smith@company.com,Finance,"How to submit your monthly expense report","Expense reports must be submitted by the 5th of the following month. Log into Concur at expenses.company.com. Add each expense with a receipt, cost code, and business justification. Reports are approved by your line manager and then processed by Finance. Payments are made with the monthly payroll run.",Approved,2025-01-07,2025-01-12
42,Purchase Order Process,Finance,"purchase-order,procurement,vendor",980,Bob Smith,bob.smith@company.com,Finance,"How to raise and approve purchase orders","All purchases over $500 require a purchase order (PO). Log into the ERP system and create a new PO. Include vendor name, item description, quantity, unit price, and GL code. Approvals are tiered: $500–$5000 (Manager), $5000–$50000 (Director), $50000+ (CFO). Goods receipt must be confirmed in the ERP before the invoice is paid.",Approved,2025-01-12,2025-01-19
43,Budget Planning Process,Finance,"budget,planning,forecast",870,Bob Smith,bob.smith@company.com,Finance,"Annual budget planning guidelines","Budget planning begins in October for the following fiscal year. Department heads submit budget requests by October 31. Finance consolidates requests and presents scenarios to the Executive team in November. Final budgets are approved by the Board in December and communicated to departments in January.",Approved,2025-01-17,2025-01-24
44,Invoice Approval Workflow,Finance,"invoice,approval,payment",760,Bob Smith,bob.smith@company.com,Finance,"Process for approving and paying vendor invoices","Vendor invoices are received by the Finance inbox (invoices@company.com). Invoices are matched against the PO in the ERP. If matched, they are auto-approved. Exceptions are routed to the budget owner for approval. Payment terms are Net-30 by default. Early payment discounts are taken if the discount rate exceeds the company's cost of capital.",Approved,2025-01-22,2025-01-29
45,Chart of Accounts Reference,Finance,"chart-of-accounts,GL,accounting",450,Bob Smith,bob.smith@company.com,Finance,"Reference guide for GL codes and cost centers","The chart of accounts is organized by: 1000s (Assets), 2000s (Liabilities), 3000s (Equity), 4000s (Revenue), 5000s (Cost of Sales), 6000s (Operating Expenses). Always use the correct GL code when raising POs and expense reports. New GL codes can only be created by the Finance Controller with CFO approval.",Approved,2025-01-27,2025-02-03
46,Payroll Processing Schedule,Finance,"payroll,salary,HR",1240,Bob Smith,bob.smith@company.com,Finance,"Payroll cutoff dates and processing timeline","Payroll is processed monthly. Cutoff for timesheet submission is the 25th of each month. Any changes (starters, leavers, salary changes) must be submitted to HR by the 20th. Payslips are available in the employee self-service portal on the last working day of the month. Direct deposit is the only payment method.",Approved,2025-02-03,2025-02-10
47,Accounts Payable Procedures,Finance,"AP,accounts-payable,vendor",680,Bob Smith,bob.smith@company.com,Finance,"Standard accounts payable procedures","AP processes all vendor invoices within 5 business days of receipt. Duplicate invoice detection is automated. Payment runs are on Wednesdays for electronic payments. Vendor banking details can only be changed after a verification call to the vendor at the number on file. Maintain audit trail for all changes.",Approved,2025-02-08,2025-02-15
48,Financial Reporting Calendar,Finance,"reporting,financial-statements,calendar",540,Bob Smith,bob.smith@company.com,Finance,"Key dates for financial reporting and close","Month-end close: 5 business days after month end. Quarter-end close: 10 business days after quarter end. Year-end close: 20 business days after December 31. Flash P&L is shared with leadership on day 3 of close. Finance team members must not take leave during close periods without prior CFO approval.",Approved,2025-02-13,2025-02-20
49,Cost Centre Management,Finance,"cost-centre,budgeting,allocation",390,Bob Smith,bob.smith@company.com,Finance,"How cost centres are created and managed","Cost centres are aligned to organizational units. A new cost centre is requested by the department head with CFO approval. Cost centre owners are responsible for monitoring spend versus budget. Monthly variance reports are distributed on day 7 of the new month. Reforecasting is allowed twice per fiscal year.",Approved,2025-02-18,2025-02-25
50,Audit Preparation Guide,Finance,"audit,compliance,documentation",780,Bob Smith,bob.smith@company.com,Finance,"How to prepare for internal and external audits","Auditors require access to invoices, POs, expense reports, and approval trails for the audit period. All requested documents must be provided within 24 hours. Do not alter or delete documents under audit review. Coordinate document preparation through the Finance Controller. Debrief sessions are held after each audit.",Approved,2025-02-23,2025-03-02
51,Incident Management Procedure,Operations,"incident,ITSM,response",1560,David Brown,david.brown@company.com,Operations,"How to report and manage operational incidents","An incident is any unplanned interruption to a service. All incidents must be logged in ServiceNow within 15 minutes of discovery. Severity levels: P1 (business-critical), P2 (major impact), P3 (minor impact). P1 incidents trigger a war room and executive notification. Incident commanders are designated on a rotation schedule.",Approved,2025-01-08,2025-01-15
52,Change Management Process,Operations,"change-management,ITIL,CAB",1230,David Brown,david.brown@company.com,Operations,"How to raise and approve change requests","All changes to production systems must be raised in ServiceNow as a Change Request. Change types: Standard (pre-approved), Normal (CAB review required), Emergency (post-implementation review). The CAB meets every Tuesday. Change freeze periods apply during Q4 and major business events.",Approved,2025-01-14,2025-01-21
53,Problem Management Process,Operations,"problem,root-cause,ITIL",870,David Brown,david.brown@company.com,Operations,"Root cause analysis and problem management","Problems are raised from repeat incidents or P1 incidents. A Problem Manager is assigned and conducts root cause analysis within 5 business days. Workarounds are documented in the knowledge base while permanent fixes are implemented. Problem records are closed only after the root cause is confirmed resolved.",Approved,2025-01-19,2025-01-26
54,Standard Operating Procedures Overview,Operations,"SOP,procedures,operations",1100,Carol Williams,carol.williams@company.com,Operations,"How to write and maintain standard operating procedures","SOPs must use the approved template (available in the Operations SharePoint). Include: purpose, scope, owner, review frequency (annual), and step-by-step instructions. All SOPs must be reviewed by the department head and approved by the Operations Manager. Outdated SOPs are archived, not deleted.",Approved,2025-01-24,2025-01-31
55,Business Continuity Planning,Operations,"BCP,continuity,recovery",920,David Brown,david.brown@company.com,Operations,"Business continuity planning requirements","Each department must maintain a BCP that is tested annually. The BCP includes: critical function identification, recovery time objectives, alternate work locations, and key contact lists. BCPs are stored in the Risk Management SharePoint. The annual BCP test is coordinated by the Risk Manager in Q3.",Approved,2025-01-29,2025-02-05
56,Vendor Management Policy,Operations,"vendor,procurement,SLA",780,Carol Williams,carol.williams@company.com,Operations,"Policy for managing vendor relationships and SLAs","All strategic vendors must be registered in the Vendor Management System. Contracts over $100K require Legal review. Annual vendor performance reviews are required for all preferred vendors. SLAs must be documented in the contract. Vendor risk assessments are conducted prior to onboarding new vendors.",Approved,2025-02-04,2025-02-11
57,Meeting Room Booking System,Operations,"meetings,rooms,facilities",1340,Carol Williams,carol.williams@company.com,Operations,"How to book meeting rooms","Book meeting rooms via the Outlook calendar or the Condeco portal. Search for an available room by size and location. Rooms can be booked up to 4 weeks in advance. Cancel bookings you no longer need to free up space for others. AV equipment requests must be submitted 24 hours in advance to Facilities.",Approved,2025-02-09,2025-02-16
58,Asset Management Policy,Operations,"assets,inventory,tracking",670,David Brown,david.brown@company.com,Operations,"How company assets are tracked and managed","All assets with a value over $500 are tagged with a barcode and recorded in the Asset Management System. Assets are assigned to individuals who are responsible for their care. Annual asset audits are conducted by the Finance team. Lost or stolen assets must be reported to IT and Facilities immediately.",Approved,2025-02-14,2025-02-21
59,Quality Management Process,Operations,"quality,ISO,improvement",560,Carol Williams,carol.williams@company.com,Operations,"Company quality management approach","The company maintains ISO 9001:2015 certification. Internal audits are conducted quarterly. Non-conformances are tracked via the QMS system (qualio.company.com). Corrective actions must be closed within 30 days. All employees are required to participate in the annual quality awareness session in January.",Approved,2025-02-19,2025-02-26
60,Risk Management Framework,Operations,"risk,governance,compliance",870,David Brown,david.brown@company.com,Operations,"Overview of the enterprise risk management framework","The ERM framework is based on ISO 31000. Risk owners register risks in the GRC system. Risks are rated on a 5×5 likelihood-impact matrix. The Risk Register is reviewed quarterly by the Risk Committee. Top risks are reported to the Board. The risk appetite statement is approved annually by the Board.",Approved,2025-02-24,2025-03-03
61,Onboarding FAQ for New Hires,HR Policies,"onboarding,FAQ,new-hire",1120,Alice Johnson,alice.johnson@company.com,HR,"Frequently asked questions for new employees","Q: When do I get my first payslip? A: At the end of your first complete month. Q: How do I request leave? A: Via the HR portal. Q: What are the core hours? A: 10 AM – 4 PM. Q: Who do I contact for IT issues? A: The helpdesk at helpdesk@company.com. Q: Can I work from home? A: Up to 3 days per week with manager approval.",Approved,2025-03-02,2025-03-09
62,Parental Leave Policy,HR Policies,"parental-leave,maternity,paternity",870,Alice Johnson,alice.johnson@company.com,HR,"Maternity, paternity, and adoption leave entitlements","Primary carers are entitled to 26 weeks of paid leave at 100% salary and up to 26 additional weeks of unpaid leave. Secondary carers receive 4 weeks of paid leave. Adoption leave follows the same policy as maternity leave. Employees must notify HR at least 8 weeks before the expected leave start date.",Approved,2025-03-05,2025-03-12
63,Anti-Harassment Policy,HR Policies,"harassment,safety,conduct",760,Alice Johnson,alice.johnson@company.com,HR,"Zero-tolerance policy on harassment and discrimination","The company has a zero-tolerance approach to harassment of any kind, including verbal, physical, and sexual harassment. Any incident must be reported to HR or via the anonymous ethics hotline. All complaints are investigated thoroughly and confidentially. Perpetrators face disciplinary action up to and including dismissal.",Approved,2025-03-08,2025-03-15
64,Probation Period Guidelines,HR Policies,"probation,new-hire,performance",540,Alice Johnson,alice.johnson@company.com,HR,"How the probationary period works for new employees","All new employees serve a 3-month probationary period. At 6 weeks, a mid-probation review is conducted. At the end of 3 months, the manager confirms employment or extends the probation by up to 3 more months. Termination during probation requires 1 week notice. HR is notified at each stage.",Approved,2025-03-11,2025-03-18
65,Whistleblower Protection Policy,HR Policies,"whistleblower,ethics,protection",430,Bob Smith,bob.smith@company.com,HR,"Protection for employees who report misconduct","Employees who report in good faith concerns about illegal activity, safety risks, or policy violations are protected from retaliation. Reports can be made anonymously via the ethics hotline or in writing to the Chief Compliance Officer. All reports are investigated. Retaliation is a disciplinary offence.",Approved,2025-03-14,2025-03-21
66,Helpdesk Escalation Paths,IT Support,"helpdesk,escalation,support",1120,Emma Davis,emma.davis@company.com,IT,"When and how to escalate IT support issues","Level 1 support handles password resets, basic connectivity, and software installs. If unresolved in 30 minutes, escalate to Level 2 (infrastructure and advanced applications). If unresolved in 2 hours, escalate to Level 3 (vendors and architects). Always document escalation history in the ServiceNow ticket.",Approved,2025-03-04,2025-03-11
67,Mobile Device Management Policy,IT Support,"MDM,mobile,BYOD",980,Emma Davis,emma.davis@company.com,IT,"Policy for company and personal mobile devices","Company-issued phones are enrolled in Microsoft Intune MDM. BYOD is permitted with Intune enrollment for email access only. MDM enables remote wipe of company data. Employees must not jailbreak or root enrolled devices. Company data must not be stored in personal cloud services.",Approved,2025-03-07,2025-03-14
68,Software Licensing Compliance,IT Support,"licensing,compliance,software",560,David Brown,david.brown@company.com,IT,"Ensuring compliance with software license agreements","The IT Asset Management team maintains the software license register. Annual license audits are conducted. Using unlicensed software is a violation of company policy and may expose the company to legal risk. Report any suspected unlicensed software to the IT helpdesk. Employees who install unlicensed software face disciplinary action.",Approved,2025-03-10,2025-03-17
69,Remote Desktop Access Guide,IT Support,"RDP,remote-desktop,access",1340,Emma Davis,emma.davis@company.com,IT,"How to use remote desktop to access office systems","Connect to the VPN first. Open the Remote Desktop client and enter the hostname of your office computer (found in the IT portal). Use your company credentials to log in. File transfers are restricted to company-approved methods. Remote sessions are logged and audited. Do not leave remote sessions unattended.",Approved,2025-03-13,2025-03-20
70,Acceptable Use Policy,IT Support,"AUP,policy,compliance",1890,Emma Davis,emma.davis@company.com,IT,"Acceptable use of company IT resources","Company IT resources are for business use only. Limited personal use is permitted provided it does not interfere with work. Prohibited: accessing illegal content, downloading pirated software, using company email for personal business, and sharing credentials. All activity on company systems is monitored.",Approved,2025-03-16,2025-03-23
71,Kubernetes Cluster Management,Infrastructure,"Kubernetes,containers,DevOps",780,David Brown,david.brown@company.com,IT,"Managing the production Kubernetes cluster","The production cluster runs on EKS in us-east-1. Namespaces are environment-specific (prod, staging, dev). Resource quotas are enforced per namespace. All deployments must use Helm charts stored in the company artifact registry. Node upgrades are scheduled during the monthly maintenance window.",Approved,2025-03-03,2025-03-10
72,CI/CD Pipeline Overview,Infrastructure,"CI/CD,DevOps,Jenkins",1120,Emma Davis,emma.davis@company.com,IT,"Company CI/CD pipeline architecture and usage","The CI/CD pipeline uses GitHub Actions for code repos and Jenkins for legacy systems. Build, test, and deploy stages are mandatory. Security scanning (Snyk) is integrated at the build stage. Deployments to production require a manual approval gate. Pipeline configurations are stored in each repo's .github/workflows folder.",Approved,2025-03-06,2025-03-13
73,Infrastructure as Code Standards,Infrastructure,"IaC,Terraform,standards",670,David Brown,david.brown@company.com,IT,"Standards for infrastructure-as-code using Terraform","All infrastructure must be provisioned via Terraform, not manually. State files are stored in S3 with DynamoDB locking. Modules are published to the internal Terraform registry. Code reviews are required for all IaC PRs. Terraform plan output must be reviewed before apply in production.",Approved,2025-03-09,2025-03-16
74,Monitoring and Alerting Setup,Infrastructure,"monitoring,Datadog,alerts",940,David Brown,david.brown@company.com,IT,"How to configure monitoring and alerts for services","All production services must have uptime, error rate, and latency monitors in Datadog. Alert thresholds: Error rate > 1% (P2), Latency p99 > 2s (P3), Service down (P1). Alerts route to PagerDuty and the on-call engineer. Dashboard templates are available in the Datadog catalog.",Approved,2025-03-12,2025-03-19
75,Database Administration Guide,Infrastructure,"database,DBA,SQL",860,David Brown,david.brown@company.com,IT,"Database management standards and procedures","Production databases run on RDS (PostgreSQL and MySQL). Schema changes require a migration script approved by the DBA team. Backups are automated (daily snapshots, retained 35 days). Query performance reviews are conducted monthly. All DBA access to production requires a separate ticket and is logged.",Approved,2025-03-15,2025-03-22
76,Introduction to Python for Analysts,Training Materials,"Python,data,analytics",1780,Carol Williams,carol.williams@company.com,IT,"Python programming basics for data analysts","This training covers Python fundamentals: variables, data types, control flow, functions, and libraries (Pandas, NumPy). By the end, analysts can load and clean CSV files, perform aggregations, and create basic visualisations with Matplotlib. Prerequisites: basic Excel skills. Duration: 8 hours self-paced on the LMS.",Approved,2025-03-02,2025-03-09
77,Data Visualization with Power BI,Training Materials,"Power-BI,dashboards,data",2100,Carol Williams,carol.williams@company.com,IT,"Creating dashboards and reports in Power BI","Power BI Desktop is available in the Software Center. Connect to company data sources (SQL, SharePoint, Excel). Build interactive reports with slicers, filters, and drill-through. Publish to Power BI Service (powerbi.company.com). Reports shared in workspaces. Row-level security must be applied to sensitive datasets.",Approved,2025-03-05,2025-03-12
78,Agile and Scrum Guide,Training Materials,"agile,scrum,methodology",1430,Carol Williams,carol.williams@company.com,Operations,"How to run Agile projects using Scrum","Scrum events: Sprint Planning (first Monday), Daily Stand-up (15 min daily), Sprint Review (last Thursday), Sprint Retrospective (last Friday). Roles: Product Owner, Scrum Master, Development Team. Use Jira for backlog management. Definition of Done must be agreed by the team. Velocity is tracked over time.",Approved,2025-03-08,2025-03-15
79,Customer Service Training,Training Materials,"customer-service,communication,skills",1120,Carol Williams,carol.williams@company.com,Operations,"Best practices for customer-facing interactions","Key principles: Active listening, empathy, clarity, and follow-through. Use the HEARD model for complaints: Hear, Empathize, Apologize, Resolve, Diagnose. Escalate unresolved issues to the team leader. Always confirm resolution with the customer. Update the CRM with all interaction notes.",Approved,2025-03-11,2025-03-18
80,Compliance Training — AML,Training Materials,"AML,compliance,finance",870,Bob Smith,bob.smith@company.com,Finance,"Anti-money laundering awareness training","All employees must complete AML training annually. Key topics: customer due diligence, suspicious activity indicators, reporting obligations, and record-keeping requirements. The company's nominated Money Laundering Reporting Officer (MLRO) is the Finance Director. Suspicious transactions must be reported immediately.",Approved,2025-03-14,2025-03-21
81,Quarterly Financial Review Process,Finance,"quarterly,review,financial",780,Bob Smith,bob.smith@company.com,Finance,"Process for conducting quarterly financial reviews","Quarterly reviews are held within 15 business days of quarter end. Finance prepares a pack including P&L, balance sheet, cash flow, and variance analysis vs. budget. The CFO chairs the review with all department heads. Action items are tracked in the Finance Actions Register and reviewed monthly.",Approved,2025-03-04,2025-03-11
82,Capital Expenditure Policy,Finance,"capex,investment,approval",560,Bob Smith,bob.smith@company.com,Finance,"Policy for capital expenditure approval","CapEx over $10K requires a business case approved by the CFO. The business case must include: cost-benefit analysis, ROI calculation, and payback period. CapEx assets are depreciated per the company depreciation policy (3 years for IT equipment, 5 years for office furniture, 10 years for building improvements). Annual CapEx budget is set in the budgeting process.",Approved,2025-03-07,2025-03-14
83,Treasury and Cash Management,Finance,"treasury,cash,liquidity",340,Bob Smith,bob.smith@company.com,Finance,"Company treasury and cash management policy","The treasury function manages cash positions, FX exposure, and short-term investments. Daily cash positions are reported by 9 AM. FX hedging is required for exposures over $500K. Surplus cash is invested in approved money market funds. The company maintains a minimum cash reserve of $2M.",Approved,2025-03-10,2025-03-17
84,Internal Transfer Pricing,Finance,"transfer-pricing,intercompany,tax",290,Bob Smith,bob.smith@company.com,Finance,"Guidelines for intercompany transfer pricing","All intercompany transactions must be priced at arm's length per the OECD guidelines. Transfer pricing documentation is maintained by the Tax team. Intercompany agreements must be in place before transactions commence. Annual TP reviews are conducted by the Tax Controller with external advisor support.",Approved,2025-03-13,2025-03-20
85,Revenue Recognition Policy,Finance,"revenue,IFRS-15,accounting",430,Bob Smith,bob.smith@company.com,Finance,"How the company recognizes revenue","Revenue is recognized per IFRS 15 — when control of goods or services transfers to the customer. Contract reviews are required for all contracts over $1M. Variable consideration is estimated using the most likely amount method. Deferred revenue is recognized as the performance obligations are satisfied.",Approved,2025-03-16,2025-03-23
86,Capacity Management Process,Operations,"capacity,planning,resources",670,David Brown,david.brown@company.com,Operations,"How to plan and manage resource capacity","Capacity reviews are held monthly. Resource demand is forecast 3 months ahead. Bottlenecks are escalated to the Operations Manager. Hiring requests must be raised at least 8 weeks before the required start date. Contractors can be engaged for up to 6 months with Director approval.",Approved,2025-03-03,2025-03-10
87,Key Performance Indicators Framework,Operations,"KPI,performance,metrics",1230,Carol Williams,carol.williams@company.com,Operations,"Defining and tracking KPIs across the business","Each department must define 5–10 KPIs aligned to strategic objectives. KPIs are tracked monthly and reported in the Operations Review. Use SMART criteria for KPI definition. KPI dashboards are built in Power BI. KPIs are reviewed annually in the strategy planning cycle.",Approved,2025-03-06,2025-03-13
88,Procurement Policy,Operations,"procurement,purchasing,policy",890,Carol Williams,carol.williams@company.com,Operations,"Company procurement policy and guidelines","All purchases must follow the procurement policy. Three quotes are required for purchases between $5K and $50K. A formal tender process is required for purchases over $50K. Sole-source procurement requires documented justification and Director approval. All suppliers must be on the approved vendor list.",Approved,2025-03-09,2025-03-16
89,Customer Complaint Handling,Operations,"complaints,customer,process",1100,Carol Williams,carol.williams@company.com,Operations,"Process for handling customer complaints","Log all complaints in the CRM within 1 hour of receipt. Acknowledge the customer within 2 hours. Resolve within 5 business days or escalate to the Customer Experience Manager. Root cause analysis is required for all complaints. Monthly complaint trend reports are reviewed by the Operations Director.",Approved,2025-03-12,2025-03-19
90,Supply Chain Management,Operations,"supply-chain,logistics,vendors",560,Carol Williams,carol.williams@company.com,Operations,"Managing the company supply chain","The supply chain team manages procurement, inventory, and logistics. Safety stock levels are reviewed quarterly. Lead times are tracked per supplier. Single-source dependencies are flagged as a supply chain risk. Dual sourcing is the preferred strategy for critical components.",Approved,2025-03-15,2025-03-22
91,Flexible Working Request Process,HR Policies,"flexible-working,request,HR",760,Alice Johnson,alice.johnson@company.com,HR,"How to submit a formal flexible working request","Employees with at least 26 weeks of service can request flexible working arrangements. Submit the request form to HR at least 3 months before the desired start date. Requests will be considered within 3 months. Valid business reasons are required to reject a request. Appeals can be raised with the HR Director.",Approved,2025-04-01,2025-04-08
92,Return to Work Process,HR Policies,"return-to-work,absence,HR",430,Alice Johnson,alice.johnson@company.com,HR,"Process for returning to work after extended absence","An informal return-to-work meeting is required after any absence of 3 or more days. After extended absence (4+ weeks), a phased return plan may be agreed. Occupational health referrals are available. Medical certificates are required for absences over 7 days. HR maintains all records confidentially.",Approved,2025-04-04,2025-04-11
93,Network Access Control Policy,Infrastructure,"NAC,network,security",540,David Brown,david.brown@company.com,IT,"Policy for controlling access to the corporate network","Network access is controlled via 802.1X authentication. Devices must be enrolled in Intune and compliant with endpoint policies. Guest Wi-Fi is isolated from the corporate network. Unauthorized devices detected on the network are automatically quarantined. NAC logs are reviewed weekly by the Security team.",Approved,2025-04-02,2025-04-09
94,Log Management and SIEM,Infrastructure,"SIEM,logging,security",670,David Brown,david.brown@company.com,IT,"Centralized logging and SIEM configuration","All production systems must forward logs to the central SIEM (Splunk). Log retention is 12 months online and 7 years in cold storage. Security alerts are triaged by the SOC team 24/7. SIEM rules are reviewed quarterly. Anomaly detection uses ML-based baselines. Log tampering is a security incident.",Approved,2025-04-05,2025-04-12
95,Patch Management for Endpoints,IT Support,"patch,endpoints,security",1230,Emma Davis,emma.davis@company.com,IT,"Managing software patches on employee devices","Endpoints are managed via Microsoft Endpoint Configuration Manager (MECM). Critical patches are deployed within 72 hours of release. All other patches are deployed within 14 days. Patch compliance dashboards are available in MECM. Devices with outstanding critical patches are flagged to the Security team.",Approved,2025-04-03,2025-04-10
96,Third-Party Risk Assessment,Operations,"third-party,risk,vendor",560,David Brown,david.brown@company.com,Operations,"Process for assessing third-party supplier risk","All new third-party suppliers must complete a risk questionnaire before onboarding. Risk is rated on financial, operational, cyber, and compliance dimensions. High-risk suppliers require additional due diligence and annual reviews. The Third-Party Risk Register is maintained by the Risk team.",Approved,2025-04-06,2025-04-13
97,Data Classification Policy,IT Support,"data-classification,security,governance",1120,Emma Davis,emma.davis@company.com,IT,"How to classify and handle data by sensitivity","Data is classified as: Public, Internal, Confidential, and Restricted. Classification labels are applied in Microsoft Purview. Restricted data must be encrypted at rest and in transit. Sharing Confidential data externally requires manager approval. Training on data classification is mandatory for all employees.",Approved,2025-04-08,2025-04-15
98,Identity and Access Management,Infrastructure,"IAM,access,governance",980,David Brown,david.brown@company.com,IT,"Managing user identities and access rights","Access is provisioned based on role (RBAC). New access requests are submitted via ServiceNow. Access reviews are conducted quarterly; unused accounts are disabled after 90 days. Privileged access requires an approved PAM session (CyberArk). All access changes are logged and auditable.",Approved,2025-04-10,2025-04-17
99,Marketing Campaign Approval Process,Operations,"marketing,campaigns,approval",780,Carol Williams,carol.williams@company.com,Operations,"How to get marketing campaigns approved","All marketing campaigns must be approved by the Marketing Director and Legal before launch. Submit the campaign brief at least 4 weeks before the launch date. Legal review takes up to 5 business days. Final approvals must be signed off in the Campaign Management System. Post-campaign reports are required within 2 weeks.",Approved,2025-04-12,2025-04-19
100,Incident Post-Mortem Template,Operations,"post-mortem,incident,improvement",1340,David Brown,david.brown@company.com,Operations,"Template and guidelines for incident post-mortems","Post-mortems are blameless and required for all P1 and P2 incidents. Complete within 5 business days of incident resolution. Sections: Incident timeline, root cause analysis, impact assessment, action items with owners and due dates. Share with affected stakeholders. Track action items in Jira.",Approved,2025-04-14,2025-04-21
101,Succession Planning Guide,HR Policies,"succession,talent,planning",340,Alice Johnson,alice.johnson@company.com,HR,"How to plan for key role succession","Succession plans are required for all Director-level and above positions. Identify at least 2 internal candidates per key role. Assess readiness: Ready Now, 1-2 years, 3+ years. Development plans are created for identified successors. Succession plans are reviewed annually in the Talent Review process.",Draft,2025-04-16,
102,ITIL v4 Foundation Reference,IT Support,"ITIL,frameworks,best-practices",890,Emma Davis,emma.davis@company.com,IT,"Quick reference guide for ITIL v4 practices","Key ITIL v4 concepts: Service Value System (SVS), Service Value Chain, Four Dimensions Model, and 34 management practices. The Guiding Principles: Focus on value, Start where you are, Progress iteratively, Collaborate and promote visibility, Think and work holistically, Keep it simple and practical, Optimise and automate.",Approved,2025-04-18,2025-04-25
103,API Integration Standards,Infrastructure,"API,REST,integration",870,Emma Davis,emma.davis@company.com,IT,"Company standards for API design and integration","All internal APIs must follow REST conventions. Authentication via OAuth 2.0 / JWT. Rate limiting is enforced (1000 req/min per client). API documentation must be published to the internal API Portal (Swagger). Versioning: URI versioning (v1, v2). Breaking changes require a 6-month deprecation notice.",Approved,2025-04-20,2025-04-27
104,Security Incident Response Plan,Infrastructure,"SIRT,security,incident",1450,David Brown,david.brown@company.com,IT,"Plan for responding to security incidents","Security incidents are triaged by the SOC. The SIRT is activated for confirmed breaches. Phases: Preparation, Identification, Containment, Eradication, Recovery, Lessons Learned. The CISO notifies the CEO and Legal within 1 hour of a confirmed breach. Regulatory notifications follow relevant obligations (GDPR 72h).",Approved,2025-04-22,2025-04-29
105,Office Facilities Guide,Operations,"facilities,office,guide",1120,Carol Williams,carol.williams@company.com,Operations,"Everything you need to know about our office facilities","Office hours are 7 AM – 8 PM. Parking is available in basement levels 1 and 2. The cafeteria is open 7:30 AM – 3 PM. Gym access is available for all employees (register at reception). Quiet zones are on floors 4 and 5. Lockers are available from the Facilities desk. Recycling stations are on each floor.",Approved,2025-04-24,2025-05-01
106,Environmental Sustainability Policy,Operations,"sustainability,environment,ESG",640,Carol Williams,carol.williams@company.com,Operations,"Company commitment to environmental sustainability","The company targets net-zero emissions by 2040. Energy consumption is tracked monthly. Single-use plastics are banned in all offices. Business travel is offset through approved carbon credit schemes. The Sustainability team reports quarterly to the Board ESG Committee.",Approved,2025-04-26,2025-05-03
107,Remote Work Security Guide,IT Support,"remote,security,WFH",2450,Emma Davis,emma.davis@company.com,IT,"Security best practices for remote workers","Always use the VPN when connecting to company resources. Lock your screen when stepping away. Do not use public Wi-Fi without the VPN. Encrypt sensitive files before emailing. Enable full-disk encryption on your laptop (BitLocker). Report suspicious emails to security@company.com. Attend the quarterly remote security refresher.",Approved,2025-04-28,2025-05-05
108,Employee Self-Service Portal Guide,HR Policies,"ESS,portal,self-service",1780,Alice Johnson,alice.johnson@company.com,HR,"How to use the employee self-service portal","The ESS portal (ess.company.com) allows you to: view payslips, submit leave requests, update personal details, access the employee handbook, enroll in training, and manage benefits. Log in with your company credentials. If you cannot access the portal, contact the HR helpdesk at hr@company.com.",Approved,2025-04-30,2025-05-07
109,Git Version Control Standards,Infrastructure,"git,version-control,DevOps",1230,Emma Davis,emma.davis@company.com,IT,"Company standards for Git usage and branching","Use the GitFlow branching strategy. Main branches: main (production), develop (integration). Feature branches: feature/[ticket-id]-description. Commit messages must follow Conventional Commits format. PRs require at least 1 approval and passing CI checks. Force pushes to main and develop are prohibited.",Approved,2025-05-02,2025-05-09
110,Container Security Standards,Infrastructure,"Docker,containers,security",780,David Brown,david.brown@company.com,IT,"Security standards for containerized workloads","All container images must be scanned by Snyk before deployment. Base images must be from the approved registry. Containers must run as non-root. Resource limits (CPU/memory) are mandatory. Secrets must be injected via Kubernetes Secrets or Vault — not environment variables. Images are re-scanned weekly.",Approved,2025-05-04,2025-05-11
111,Succession Planning — Technical Roles,HR Policies,"succession,technical,talent",280,Alice Johnson,alice.johnson@company.com,HR,"Succession planning guide for technical leadership","Technical succession planning identifies and develops high-potential engineers for senior roles. Create individual development plans covering: mentoring, stretch assignments, certifications, and cross-team exposure. Technical succession is reviewed annually at the Engineering Leadership Off-site.",Draft,2025-05-06,
112,Power Platform Governance,IT Support,"Power-Platform,low-code,governance",670,Emma Davis,emma.davis@company.com,IT,"Governance model for Microsoft Power Platform","The Power Platform CoE manages tenant-level governance. All production Power Apps must be reviewed by IT before go-live. Environment strategy: Dev, Test, Prod. Data connectors to sensitive systems require IT approval. A quarterly review identifies apps that are no longer used and reclaims premium licenses.",Approved,2025-05-08,2025-05-15
113,Accounts Receivable Process,Finance,"AR,accounts-receivable,billing",670,Bob Smith,bob.smith@company.com,Finance,"Managing accounts receivable and collections","Invoices are issued within 2 business days of service delivery. Payment terms are Net-30 unless contractually different. Overdue accounts (30+ days) receive an automated reminder. 60-day overdue accounts are escalated to the AR Manager. Legal action may be initiated at 90 days overdue after management approval.",Approved,2025-05-10,2025-05-17
114,Foreign Exchange Policy,Finance,"FX,forex,hedging",230,Bob Smith,bob.smith@company.com,Finance,"Policy for managing foreign exchange exposure","All FX exposures over $250K must be reported to Treasury. Hedging instruments approved: forward contracts and options. Speculative FX trading is strictly prohibited. Monthly FX exposure reports are reviewed by the CFO. The company's functional currency is USD.",Approved,2025-05-12,2025-05-19
115,Workplace Ergonomics Guide,HR Policies,"ergonomics,health,safety",890,Alice Johnson,alice.johnson@company.com,HR,"Setting up an ergonomic workspace","Adjust your chair so your feet are flat on the floor. The top of your monitor should be at eye level. Keep your keyboard and mouse close to avoid overreaching. Take a 5-minute break every hour. The Facilities team provides ergonomic assessments on request. Report any musculoskeletal discomfort to occupational health early.",Approved,2025-05-13,2025-05-20
116,ETL Pipeline Overview,IT Support,"ETL,data,pipeline",0,Emma Davis,emma.davis@company.com,IT,"Introduction to the company ETL data pipeline","The ETL pipeline ingests knowledge article metadata from CSV exports, transforms and cleanses the data using Pandas, and loads it into the analytics database. Key stages: Extract (read CSV), Transform (deduplicate, normalise categories, parse tags), Load (upsert into the reporting tables). The pipeline is orchestrated via a CLI script and can be triggered from the admin dashboard.",Pending Approval,2025-05-18,
117,Data Warehouse Architecture,Infrastructure,"data-warehouse,analytics,BI",0,David Brown,david.brown@company.com,IT,"Company data warehouse architecture overview","The data warehouse is built on Amazon Redshift. Sources: operational databases, SaaS API feeds, and CSV/file ingestion pipelines. Data is modelled in a star schema. The staging layer cleans and deduplicates. The analytics layer serves Power BI and ad hoc queries. Refresh cadence: daily at 2 AM UTC.",Pending Approval,2025-05-18,
118,Machine Learning Platform Guide,Training Materials,"ML,AI,platform",0,Carol Williams,carol.williams@company.com,IT,"Introduction to the company ML platform","The ML platform (SageMaker) supports model training, evaluation, and deployment. Data scientists must use the approved feature store for training data. Models are versioned in MLflow. Production models require a model card and bias assessment. Inference endpoints are monitored for data drift.",Draft,2025-05-19,
119,Zero Trust Security Model,Infrastructure,"zero-trust,security,architecture",0,David Brown,david.brown@company.com,IT,"Overview of the zero trust security architecture","Zero trust assumes no implicit trust based on network location. All access requests are verified: user identity, device health, and least-privilege. Key controls: MFA everywhere, conditional access policies, microsegmentation, endpoint compliance checks, and continuous monitoring. The ZTA roadmap targets full implementation by 2027.",Draft,2025-05-19,
120,Company Strategy 2025–2030,Operations,"strategy,vision,goals",0,Carol Williams,carol.williams@company.com,Operations,"Overview of the company's 5-year strategic plan","The 2025–2030 strategy focuses on four pillars: Customer Centricity, Operational Excellence, Digital Transformation, and Sustainable Growth. Each pillar has OKRs defined at the Board level. Annual strategy reviews assess progress and adjust priorities. The strategy is communicated company-wide each January.",Draft,2025-05-20,
